{"cameraMode":{"drawMode":0,"name":"Shaded","section":"Shading Mode"},"sceneLighting":false,"audioPlay":false,"sceneViewState":{"m_AlwaysRefresh":false,"showFog":true,"showSkybox":false,"showFlares":true,"showImageEffects":true,"showParticleSystems":true,"showVisualEffectGraphs":true,"m_FxEnabled":true},"in2DMode":false,"pivot":{"x":-0.19594013690948487,"y":0.9876922369003296,"z":0.17332541942596436},"rotation":{"x":-0.1280079185962677,"y":-0.8668795824050903,"z":0.3874663710594177,"w":-0.2865375578403473},"size":3.6681432723999025,"orthographic":false}