{"cameraMode":{"drawMode":0,"name":"Shaded","section":"Shading Mode"},"sceneLighting":false,"audioPlay":false,"sceneViewState":{"m_AlwaysRefresh":false,"showFog":true,"showSkybox":false,"showFlares":true,"showImageEffects":true,"showParticleSystems":true,"showVisualEffectGraphs":true,"m_FxEnabled":true},"in2DMode":false,"pivot":{"x":-0.06509551405906677,"y":0.7791597843170166,"z":0.10653376579284668},"rotation":{"x":0.04049060121178627,"y":0.8338084816932678,"z":-0.5472471714019775,"w":0.06162554398179054},"size":1.3793383836746216,"orthographic":false}