{"cameraMode":{"drawMode":0,"name":"Shaded","section":"Shading Mode"},"sceneLighting":false,"audioPlay":false,"sceneViewState":{"m_AlwaysRefresh":false,"showFog":true,"showSkybox":false,"showFlares":true,"showImageEffects":true,"showParticleSystems":true,"showVisualEffectGraphs":true,"m_FxEnabled":true},"in2DMode":false,"pivot":{"x":-8.590149879455567,"y":0.19975870847702027,"z":1.8741496801376343},"rotation":{"x":-0.002198995789512992,"y":-0.9048706889152527,"z":0.4257858991622925,"w":-0.004927193280309439},"size":0.8189812302589417,"orthographic":false}