{"cameraMode":{"drawMode":0,"name":"Shaded","section":"Shading Mode"},"sceneLighting":false,"audioPlay":false,"sceneViewState":{"m_AlwaysRefresh":false,"showFog":true,"showSkybox":false,"showFlares":true,"showImageEffects":true,"showParticleSystems":true,"showVisualEffectGraphs":true,"m_FxEnabled":true},"in2DMode":false,"pivot":{"x":-2.7722856998443605,"y":1.5415656566619874,"z":3.580331325531006},"rotation":{"x":-0.15557600557804109,"y":-0.03826679289340973,"z":0.005942114163190126,"w":-0.9871668815612793},"size":3.0789079666137697,"orthographic":false}