{"cameraMode":{"drawMode":0,"name":"Shaded","section":"Shading Mode"},"sceneLighting":false,"audioPlay":false,"sceneViewState":{"m_AlwaysRefresh":false,"showFog":true,"showSkybox":false,"showFlares":true,"showImageEffects":true,"showParticleSystems":true,"showVisualEffectGraphs":true,"m_FxEnabled":true},"in2DMode":false,"pivot":{"x":-3.212094783782959,"y":2.9106571674346926,"z":-0.8096249103546143},"rotation":{"x":0.05128202587366104,"y":0.016469405964016916,"z":-0.0009258069330826402,"w":0.9985991716384888},"size":0.5241087675094605,"orthographic":false}