{"cameraMode":{"drawMode":0,"name":"Shaded","section":"Shading Mode"},"sceneLighting":false,"audioPlay":false,"sceneViewState":{"m_AlwaysRefresh":false,"showFog":true,"showSkybox":false,"showFlares":true,"showImageEffects":true,"showParticleSystems":true,"showVisualEffectGraphs":true,"m_FxEnabled":true},"in2DMode":false,"pivot":{"x":0.02937626838684082,"y":0.13943442702293397,"z":-0.024264991283416749},"rotation":{"x":0.23965249955654145,"y":0.1449672281742096,"z":-0.036294154822826388,"w":0.959344744682312},"size":1.410636305809021,"orthographic":false}