{"cameraMode":{"drawMode":0,"name":"Shaded","section":"Shading Mode"},"sceneLighting":false,"audioPlay":false,"sceneViewState":{"m_AlwaysRefresh":false,"showFog":true,"showSkybox":false,"showFlares":true,"showImageEffects":true,"showParticleSystems":true,"showVisualEffectGraphs":true,"m_FxEnabled":true},"in2DMode":false,"pivot":{"x":-3.575531482696533,"y":2.988051414489746,"z":-0.7523816823959351},"rotation":{"x":0.017891449853777887,"y":-0.9744767546653748,"z":0.08442685753107071,"w":0.20769049227237702},"size":0.7768313884735107,"orthographic":false}