{"cameraMode":{"drawMode":0,"name":"Shaded","section":"Shading Mode"},"sceneLighting":false,"audioPlay":false,"sceneViewState":{"m_AlwaysRefresh":false,"showFog":true,"showSkybox":false,"showFlares":true,"showImageEffects":true,"showParticleSystems":true,"showVisualEffectGraphs":true,"m_FxEnabled":true},"in2DMode":false,"pivot":{"x":-3.095940113067627,"y":0.8376922607421875,"z":-1.0366746187210084},"rotation":{"x":0.00016316401888616383,"y":0.9196391105651856,"z":-0.3929539620876312,"w":0.000255277322139591},"size":1.2205036878585816,"orthographic":false}