{"cameraMode":{"drawMode":0,"name":"Shaded","section":"Shading Mode"},"sceneLighting":false,"audioPlay":false,"sceneViewState":{"m_AlwaysRefresh":false,"showFog":true,"showSkybox":false,"showFlares":true,"showImageEffects":true,"showParticleSystems":true,"showVisualEffectGraphs":true,"m_FxEnabled":true},"in2DMode":false,"pivot":{"x":-0.19594013690948487,"y":0.9876922369003296,"z":0.17332541942596436},"rotation":{"x":-0.0063895732164382938,"y":0.9572219252586365,"z":-0.2885788381099701,"w":-0.021256420761346818},"size":1.220503807067871,"orthographic":false}