{"cameraMode":{"drawMode":0,"name":"Shaded","section":"Shading Mode"},"sceneLighting":false,"audioPlay":false,"sceneViewState":{"m_AlwaysRefresh":false,"showFog":true,"showSkybox":false,"showFlares":true,"showImageEffects":true,"showParticleSystems":true,"showVisualEffectGraphs":true,"m_FxEnabled":true},"in2DMode":false,"pivot":{"x":-2.802258014678955,"y":3.594558000564575,"z":1.2570818662643433},"rotation":{"x":-0.10968239605426789,"y":0.11898790299892426,"z":0.013167873956263066,"w":0.9867852330207825},"size":3.350491523742676,"orthographic":false}