{"cameraMode":{"drawMode":0,"name":"Shaded","section":"Shading Mode"},"sceneLighting":false,"audioPlay":false,"sceneViewState":{"m_AlwaysRefresh":false,"showFog":true,"showSkybox":false,"showFlares":true,"showImageEffects":true,"showParticleSystems":true,"showVisualEffectGraphs":true,"m_FxEnabled":true},"in2DMode":false,"pivot":{"x":-1.8502594232559205,"y":0.6952711343765259,"z":-1.0227351188659669},"rotation":{"x":0.07378359884023667,"y":0.7275030612945557,"z":-0.07901366800069809,"w":0.6776719093322754},"size":0.9049965143203735,"orthographic":false}