{"cameraMode":{"drawMode":0,"name":"Shaded","section":"Shading Mode"},"sceneLighting":false,"audioPlay":false,"sceneViewState":{"m_AlwaysRefresh":false,"showFog":true,"showSkybox":false,"showFlares":true,"showImageEffects":true,"showParticleSystems":true,"showVisualEffectGraphs":true,"m_FxEnabled":true},"in2DMode":false,"pivot":{"x":-0.6723357439041138,"y":-0.07605427503585816,"z":-0.39521288871765139},"rotation":{"x":-0.007100451271981001,"y":0.9901643991470337,"z":-0.1287567913532257,"w":-0.0547117255628109},"size":1.2333203554153443,"orthographic":false}